vis_000_intl, state, lga_code18, vis_000_tot, avg_spend_per_night_aud_intl, nights_000_intl, nights_000_tot, avg_spend_commercial_accom_per_night_aud_intl, avg_spend_per_night_aud_tot, spend_audm_dom_day, avg_spend_per_night_aud_dom_ovrnt, avg_spend_commercial_accom_per_night_aud_tot, spend_audm_intl, avg_spend_per_trip_aud_tot, avg_spend_per_trip_aud_dom_ovrnt, spend_audm_dom_ovrnt, avg_spend_per_trip_aud_intl, avg_stay_nights_tot, vis_000_dom_day, avg_stay_nights_intl, avg_stay_nights_dom_ovrnt, nights_000_dom_ovrnt, vis_000_dom_ovrnt, avg_spend_commercial_accom_per_night_aud_dom_ovrnt, spend_audm_tot, avg_spend_per_trip_aud_dom_day, lga_name18
6,"New South Wales","11250",null,61,71,541,66,187,null,206,163,4,null,1767,97,1432,3,null,12,3,470,171,181,null,null,"Broken Hill (C)"
26,"Queensland","36910",2943,52,671,2866,68,134,283,159,167,35,4413,2565,349,746,3,2022,26,2,2194,895,206,667,7138,"Toowoomba (R)"
62,"Queensland","35010",3729,50,1531,4128,52,86,246,107,102,77,6203,2750,278,809,5,2901,25,3,2597,765,166,601,11790,"Moreton Bay (R)"
3,"South Australia","48830",424,51,21,911,null,82,14,83,null,1,4809,3520,74,2851,3,162,7,3,890,259,115,88,11952,"Yorke Peninsula (DC)"
5,"South Australia","48340",214,48,45,268,55,99,12,109,120,2,5618,3242,24,2494,3,130,8,3,223,79,142,38,11113,"Wattle Range (DC)"
23,"Northern Territory","72200",254,51,148,647,60,143,24,171,144,7,2176,1917,85,3034,3,68,7,3,499,163,176,117,2828,"Katherine (T)"
5,"Victoria","26610",402,38,194,818,40,102,32,122,121,7,3495,2997,76,736,4,169,36,3,624,227,157,115,5318,"Swan Hill (RC)"
null,"New South Wales","16200",null,null,null,null,null,null,18,149,null,null,null,2992,48,null,null,147,null,2,322,143,177,null,8272,"Parkes (A)"
7,"Victoria","23810",1114,50,141,631,70,99,79,113,137,7,7882,3894,55,1005,3,891,20,2,491,216,158,141,11299,"Latrobe (C) (Vic.)"
5,"Victoria","24850",626,98,87,454,null,91,31,90,null,8,8664,4629,33,624,3,468,16,2,367,153,190,72,15197,"Mitchell (S)"
4,"South Australia","40120",617,47,72,288,null,106,31,126,null,3,9961,2611,27,1044,4,542,20,3,216,71,250,62,17292,"Adelaide Hills (DC)"
4,"Western Australia","54060",null,76,19,278,129,132,null,136,120,1,null,2122,35,3051,4,null,4,3,259,75,120,null,null,"Irwin (S)"
19,"Victoria","24780",736,35,587,1829,36,143,47,193,140,21,2391,1974,240,924,4,243,31,3,1242,474,199,308,5172,"Mildura (RC)"
982,"Queensland","33430",11423,131,9459,22654,163,189,697,230,217,1237,2299,1150,3035,794,5,6952,10,4,13195,3489,254,4969,9971,"Gold Coast (C)"
93,"Tasmania","64010",1873,89,757,2237,103,158,173,194,199,68,3552,1989,287,1370,3,1210,8,3,1481,570,249,527,6999,"Launceston (C)"
5,"South Australia","40220",872,55,36,698,67,101,42,104,147,2,7748,3489,69,2379,3,627,8,3,662,240,151,112,15017,"Alexandrina (DC)"
10,"Queensland","36660",917,33,433,1334,33,89,52,115,101,14,5400,3486,104,687,4,545,44,2,902,363,177,170,10561,"Southern Downs (R)"
24,"New South Wales","17550",1903,63,241,2342,84,127,114,134,177,15,4626,2148,282,1577,4,1273,10,3,2101,606,185,411,11160,"Tweed (A)"
51,"Queensland","36370",1290,57,297,1832,91,161,126,182,194,17,3057,1993,279,3016,3,684,6,3,1536,556,211,422,5412,"Rockhampton (R)"
50,"Victoria","20740",2210,108,164,2635,144,128,106,129,192,18,4980,2713,320,2835,3,1293,3,3,2470,867,196,444,12147,"Bass Coast (S)"
43,"South Australia","42750",null,232,136,551,295,208,null,200,247,31,null,1313,83,1355,4,null,3,4,415,109,228,null,null,"Kangaroo Island (DC)"
4,"Victoria","25620",924,58,29,584,null,99,42,101,null,2,9259,4362,56,2132,2,676,8,2,555,244,149,100,16044,"Murrindindi (S)"
3,"Queensland","34710",null,56,22,353,103,193,null,201,172,1,null,1810,67,2613,3,null,7,3,331,121,174,null,null,"Longreach (R)"
6,"Tasmania","63010",431,55,123,389,51,102,31,123,151,7,6069,2293,33,917,5,350,20,4,266,75,250,71,11113,"Huon Valley (M)"
24,"Western Australia","52590",392,116,66,552,149,131,23,133,175,8,4130,2773,65,3107,3,189,3,3,486,179,179,95,8376,"Dandaragan (S)"
3,"South Australia","40520",241,44,45,396,45,119,9,129,151,2,4281,2628,45,1587,3,120,14,3,351,119,170,56,12931,"Berri and Barmera (DC)"
6,"New South Wales","13450",349,36,282,591,43,94,46,148,114,10,3433,2797,46,549,4,215,51,2,309,128,200,102,4700,"Griffith (C)"
8,"Queensland","34580",341,50,557,827,51,65,14,95,null,28,5057,3437,26,269,9,245,74,3,270,88,null,67,17783,"Lockyer Valley (R)"
4,"Queensland","35760",null,32,179,458,35,65,null,86,72,6,null,3650,24,629,5,null,49,3,279,88,117,null,null,"North Burnett (R)"
3,"Victoria","26080",399,95,11,421,null,140,19,141,null,1,5092,2419,58,2955,3,256,4,3,409,140,225,78,13144,"Queenscliffe (B)"
2,"South Australia","46450",332,34,12,289,null,99,49,101,null,0,4271,3488,28,5133,3,232,6,3,277,98,127,78,4711,"Port Pirie City and Dists (M)"
3,"Victoria","24250",556,46,27,895,null,109,19,111,null,1,4762,3343,96,2214,3,231,10,3,869,322,156,117,12054,"Mansfield (S)"
65,"New South Wales","18450",3759,103,1762,3472,115,120,245,137,149,182,5675,3150,235,354,4,2955,27,2,1709,740,200,662,12045,"Wollongong (C)"
31,"New South Wales","12750",1279,88,130,2521,129,132,53,135,174,11,3307,2248,322,2719,3,524,4,3,2391,724,176,387,9805,"Eurobodalla (A)"
98,"New South Wales","15900",4133,76,1906,4900,94,120,316,148,170,144,4578,2847,442,681,4,2775,19,2,2994,1260,232,903,8778,"Newcastle (C)"
9,"New South Wales","10470",955,58,161,1240,95,125,64,135,160,9,4376,2627,145,956,3,565,18,3,1078,381,168,218,8867,"Bathurst Regional (A)"
13,"Northern Territory","70700",286,237,28,156,327,132,15,108,185,7,7984,4268,14,1874,2,214,2,2,128,59,139,36,14038,"Coomalie (S)"
75,"Victoria","21750",901,137,158,1227,159,146,46,148,180,22,4002,2551,158,3479,3,423,2,3,1069,403,184,225,9272,"Colac-Otway (S)"
9,"Western Australia","54620",null,64,37,119,72,98,null,113,114,2,null,3956,9,3834,3,null,4,2,83,37,153,null,null,"Kondinin (S)"
36,"Tasmania","63210",288,142,83,409,169,155,10,158,186,12,3939,2367,52,3084,3,130,2,3,326,122,191,73,13192,"Kentish (M)"
11,"South Australia","48050",1218,63,66,697,93,113,74,118,156,4,7977,2973,75,2622,3,985,6,3,631,222,161,153,13346,"Victor Harbor (C)"
11,"New South Wales","14650",1225,53,174,1065,105,100,81,109,171,9,6548,3663,97,1142,3,859,16,3,892,355,181,187,10620,"Lake Macquarie (C)"
15,"Victoria","22620",2549,62,189,1856,86,123,201,129,181,12,5951,3344,216,1300,3,1811,12,2,1667,722,187,428,9031,"Greater Bendigo (C)"
51,"Queensland","33620",1246,66,227,1633,81,98,79,104,134,15,5187,3146,146,3374,3,737,4,3,1406,458,148,240,9275,"Gympie (R)"
15,"Queensland","34530",560,52,90,722,68,138,30,151,164,5,4325,1741,95,3255,4,379,6,4,632,166,179,129,12779,"Livingstone (S)"
4,"Victoria","26260",347,41,29,387,80,128,19,135,192,1,5102,3017,48,3130,3,198,8,2,358,145,197,68,10617,"Southern Grampians (S)"
4,"Victoria","23190",522,30,51,487,55,93,48,101,150,2,5616,4260,44,2824,3,331,12,2,435,187,159,93,6953,"Horsham (RC)"
5,"New South Wales","15700",254,33,48,528,76,119,9,127,159,2,3526,2238,61,3266,4,112,9,4,480,137,163,72,11960,"Nambucca (A)"
6,"New South Wales","10600",229,37,40,480,67,99,11,104,137,2,3922,2192,46,3859,5,122,7,4,439,100,140,58,11129,"Bellingen (A)"
6,"Victoria","20830",931,32,138,567,27,75,45,89,88,4,10666,5150,38,1438,3,727,22,2,429,198,135,87,16317,"Baw Baw (S)"
11,"Queensland","35300",null,37,129,620,51,188,null,227,174,5,null,1245,112,2222,4,null,12,4,491,139,190,null,null,"Mount Isa (C)"
3,"South Australia","41140",334,92,21,263,108,151,26,156,184,2,5052,2673,38,1631,3,230,7,2,243,101,191,66,8699,"Clare and Gilbert Valleys (DC)"
13,"Western Australia","59340",null,69,142,787,67,158,null,178,156,10,null,954,115,1354,6,null,11,6,645,110,190,null,null,"Wyndham-East Kimberley (S)"
5,"Western Australia","53220",null,56,78,2244,86,98,null,99,137,4,null,1357,215,1165,8,null,15,7,2166,292,143,null,null,"East Pilbara (S)"
10,"Victoria","26810",990,64,134,1159,77,91,46,94,129,9,6547,3763,97,1199,3,616,13,3,1025,364,141,151,13386,"Wellington (S)"
29,"Western Australia","53360",null,114,154,1029,150,145,null,150,174,18,null,899,131,1633,7,null,5,7,875,118,178,null,null,"Exmouth (S)"
46,"Victoria","26490",2200,102,198,2557,115,133,107,136,187,20,4915,2792,321,2287,3,1259,4,3,2359,895,196,448,11778,"Surf Coast (S)"
11,"Victoria","22410",357,90,38,422,123,127,23,131,144,3,4673,2927,50,3320,3,199,3,3,384,147,145,76,8719,"Glenelg (S)"
3,"South Australia","47630",149,35,28,201,null,86,6,95,null,1,6454,4610,16,2603,3,72,11,2,173,75,128,23,12273,"Tatiara (DC)"
112,"Northern Territory","70200",462,103,557,1833,116,186,14,222,176,58,1298,1012,284,1953,5,62,5,4,1277,287,213,356,4320,"Alice Springs (T)"
2,"Western Australia","56230",480,67,20,301,null,116,30,119,null,1,7450,3733,34,1471,2,353,10,2,281,125,128,64,11948,"Murray (S)"
4,"South Australia","48750",402,99,24,355,141,121,17,122,148,2,6746,2918,40,1494,3,280,7,3,331,118,149,60,16745,"Yankalilla (DC)"
49,"Tasmania","62410",550,156,121,836,167,123,17,117,174,19,4602,3312,84,2611,3,223,2,3,715,278,175,119,13283,"Glamorgan/Spring Bay (M)"
5,"New South Wales","17000",454,48,108,581,99,175,26,204,201,5,3544,1629,97,1046,4,292,20,3,473,157,220,128,11020,"Singleton (A)"
22,"Victoria","25490",330,119,75,598,164,213,7,227,207,9,2463,1497,118,2492,3,131,3,3,523,177,211,134,19444,"Moyne (S)"
null,"Victoria","21670",null,null,null,null,null,null,18,92,null,null,null,4759,17,null,null,170,null,2,186,81,140,null,9619,"Central Goldfields (S)"
126,"Queensland","36720",6698,78,1660,8924,105,159,415,178,181,129,3649,1672,1292,982,4,4410,13,3,7264,2161,195,1836,10634,"Sunshine Coast (R)"
11,"New South Wales","13800",989,69,174,674,115,108,53,122,165,12,7858,3239,61,892,3,782,16,3,500,197,182,126,14692,"Hawkesbury (C)"
47,"Western Australia","51260",1650,84,403,3173,103,158,74,169,211,34,2868,1869,467,1406,3,729,9,3,2770,874,228,575,9832,"Busselton (C)"
26,"Victoria","27450",3022,71,300,1322,108,144,216,165,233,21,7442,2515,169,1200,3,2573,12,2,1022,424,257,406,11898,"Yarra Ranges (S)"
15,"Western Australia","57280",null,50,171,1296,74,120,null,131,139,9,null,1180,147,1720,7,null,12,6,1124,174,161,null,null,"Port Hedland (T)"
2,"South Australia","44210",492,91,14,552,null,93,19,93,null,1,7011,4085,50,1844,3,284,6,3,538,205,149,70,15224,"Mid Murray (DC)"
4,"New South Wales","14870",535,61,56,484,89,127,24,136,171,3,6260,3031,58,1287,3,355,13,2,427,176,182,85,14797,"Lithgow (C)"
20,"New South Wales","11730",1088,45,114,2194,70,118,46,122,147,5,3577,2241,253,3964,4,501,6,4,2080,567,150,304,10843,"Clarence Valley (A)"
null,"Victoria","26430",null,null,null,null,null,null,18,109,null,null,null,4062,33,null,null,172,null,2,297,132,166,null,9581,"Strathbogie (S)"
5,"Queensland","33980",525,24,84,1740,84,64,18,66,155,2,4070,3404,109,2466,5,149,17,4,1656,371,158,129,8313,"Isaac (R)"
null,"New South Wales","15650",null,null,null,null,null,null,18,114,null,null,null,3696,31,null,null,188,null,2,276,116,177,null,10332,"Muswellbrook (A)"
11,"New South Wales","11720",1062,58,81,1062,99,246,80,261,327,5,3114,1725,257,2449,2,608,7,2,982,443,334,341,7616,"Cessnock (C)"
10,"South Australia","46300",224,75,42,458,93,121,29,125,169,3,2662,2389,52,3043,3,90,4,3,416,124,179,84,3114,"Port Lincoln (C)"
null,"New South Wales","10650",null,null,null,null,null,null,null,109,null,null,null,3554,34,null,null,null,null,3,314,121,150,null,null,"Berrigan (A)"
null,"South Australia","43790",null,null,null,null,null,null,9,88,null,null,null,4313,18,null,null,98,null,3,205,78,141,null,11310,"Loxton Waikerie (DC)"
19,"Western Australia","55180",356,63,173,788,72,120,19,136,155,11,3145,2471,84,1789,3,130,9,3,615,206,184,113,6933,"Manjimup (S)"
5,"Queensland","32310",354,35,38,460,54,102,15,108,149,1,5680,3205,46,3946,3,202,7,3,422,147,155,62,13247,"Charters Towers (R)"
6,"Victoria","25710",338,85,132,350,null,101,17,110,null,11,6439,2953,24,580,5,261,20,3,218,71,null,53,15038,"Nillumbik (S)"
46,"Western Australia","50080",823,69,327,1640,83,187,67,216,164,23,2203,1457,284,2038,4,364,7,3,1313,413,184,374,5397,"Albany (C)"
13,"Tasmania","61610",506,55,168,719,55,101,32,116,118,9,4840,2673,64,1403,4,323,13,3,551,170,146,105,10209,"Devonport (C)"
199,"New South Wales","11350",2033,67,1443,4334,72,154,100,198,191,97,2645,1447,571,2055,4,1007,7,3,2891,826,260,769,10023,"Byron (A)"
2,"Victoria","21010",279,91,29,313,null,97,13,97,null,3,6481,4170,28,801,3,161,14,2,284,115,155,43,12656,"Benalla (RC)"
5,"Victoria","23350",501,56,36,551,71,143,22,150,186,2,4957,2746,77,2354,3,285,8,2,514,211,190,101,12915,"Indigo (S)"
25,"Victoria","20570",2551,66,326,1602,102,132,193,149,196,22,6307,3258,190,1146,2,1906,13,2,1276,620,217,404,9901,"Ballarat (C)"
52,"Victoria","22750",4332,100,821,3740,135,134,282,143,167,82,5544,2686,417,633,3,3160,16,3,2919,1120,178,781,11202,"Greater Geelong (C)"
9,"Victoria","20110",688,51,83,1415,64,154,19,160,194,4,2915,1978,213,2036,3,258,10,3,1332,421,201,236,13723,"Alpine (S)"
39,"Victoria","22110",1229,54,174,2336,72,104,46,108,134,9,4249,2988,234,4150,3,490,4,3,2162,700,140,289,10751,"East Gippsland (S)"
3,"Queensland","30370",279,31,39,454,null,144,14,155,null,1,3503,2102,64,2482,3,141,13,3,415,135,173,80,9957,"Banana (S)"
40,"Victoria","25340",5487,73,408,4310,131,112,330,116,191,30,6738,3018,454,1348,3,4075,10,3,3902,1371,196,814,12343,"Mornington Peninsula (S)"
3,"New South Wales","17400",null,37,29,299,null,110,null,118,null,1,null,3602,32,2709,3,null,10,2,270,115,148,null,null,"Tenterfield (A)"
10,"New South Wales","14350",540,62,44,1295,70,102,21,104,120,3,3515,2322,130,3723,4,228,4,4,1251,301,122,154,10836,"Kempsey (A)"
13,"Western Australia","54280",296,54,189,951,71,186,28,219,164,10,1445,1131,167,1253,5,95,15,4,762,188,180,205,3363,"Kalgoorlie/Boulder (C)"
3,"Victoria","25430",607,66,26,410,null,103,30,106,null,2,8406,4236,41,1782,2,432,9,2,384,172,154,72,14445,"Mount Alexander (S)"
47,"Queensland","32260",596,84,340,1000,92,112,33,127,121,28,4112,2453,84,1663,4,344,7,3,660,205,145,145,10471,"Cassowary Coast (R)"
30,"New South Wales","10550",891,58,181,2160,83,152,53,160,160,11,2342,1547,317,2845,4,370,6,4,1979,490,165,380,7002,"Bega Valley (A)"
3,"Tasmania","61810",210,105,8,199,null,167,9,170,null,1,5009,2271,32,3491,3,134,3,3,191,74,265,42,15330,"Dorset (M)"
7,"Western Australia","53920",null,91,25,179,82,188,null,204,168,2,null,1717,31,3237,3,null,3,3,154,54,193,null,null,"Halls Creek (S)"
226,"Queensland","37340",1048,147,1334,3730,160,202,36,232,222,196,1329,953,557,1154,5,291,6,5,2396,531,265,789,8094,"Whitsunday (R)"
3,"South Australia","46670",206,30,122,391,29,100,15,132,111,4,3809,2832,36,790,4,103,43,3,269,101,159,54,6858,"Renmark Paringa (DC)"
null,"New South Wales","13550",null,null,null,null,null,null,8,123,null,null,null,3217,29,null,null,92,null,3,238,94,195,null,10958,"Gunnedah (A)"
155,"Queensland","35740",2201,94,939,4536,103,174,110,195,217,88,2449,1262,701,1767,4,1160,6,4,3597,885,246,899,10593,"Noosa (S)"
20,"Victoria","22170",991,64,519,902,109,92,65,131,143,33,6659,2994,50,595,5,821,26,3,383,150,195,149,12535,"Frankston (C)"
13,"New South Wales","14400",1106,65,100,911,89,135,58,144,190,6,6093,2766,117,1971,3,771,8,3,811,322,200,181,13182,"Kiama (A)"
7,"Victoria","24130",1127,44,109,665,null,111,61,124,null,5,8394,3450,69,1531,3,882,15,2,555,238,178,134,14574,"Macedon Ranges (S)"
3,"Tasmania","64610",231,310,16,134,null,910,18,990,null,5,1654,434,117,631,2,177,5,2,119,51,169,140,9981,"Northern Midlands (M)"
23,"Tasmania","65610",210,402,46,468,466,194,8,171,251,19,2121,2121,72,1265,3,33,2,3,421,153,223,99,4086,"West Coast (M)"
13,"New South Wales","18350",1744,66,163,1121,84,148,119,162,236,11,6120,2966,155,1178,2,1272,13,2,958,460,250,285,10663,"Wingecarribee (A)"
4,"New South Wales","16900",434,47,93,325,null,152,42,194,null,4,4757,1999,45,953,3,340,23,3,231,90,167,91,8103,"Shellharbour (C)"
8,"New South Wales","16150",1016,37,108,1186,63,155,89,167,237,4,3729,2142,180,1889,3,623,14,3,1078,385,250,272,7027,"Orange (C)"
159,"Northern Territory","72330",493,362,467,1182,395,298,9,256,353,169,1364,1160,183,939,3,122,3,3,715,213,321,362,13280,"MacDonnell (R)"
5,"New South Wales","15050",678,25,170,517,null,92,56,125,null,4,6534,3267,43,1115,4,531,35,2,347,142,188,104,9481,"Maitland (C)"
23,"Victoria","26170",974,76,96,1150,72,96,37,98,132,7,6592,3784,103,3117,3,561,4,3,1054,390,137,148,15047,"South Gippsland (S)"
9,"Victoria","21370",1064,64,110,1334,73,136,67,142,184,7,4295,2744,174,1309,3,577,12,3,1224,478,196,248,8672,"Campaspe (S)"
37,"Victoria","25810",528,62,98,742,74,125,20,134,154,6,4709,3078,86,6135,2,225,3,2,643,266,168,112,11446,"Northern Grampians (S)"
106,"New South Wales","10900",3391,99,495,2224,127,157,218,174,243,49,5976,2557,300,2154,3,2517,5,2,1730,768,271,567,11551,"Blue Mountains (C)"
2,"South Australia","41560",431,46,51,593,null,93,23,97,null,2,5541,3485,53,968,3,245,22,3,542,184,129,78,10805,"Copper Coast (DC)"
92,"Western Australia","50280",1118,96,545,2452,113,167,65,187,207,52,2357,1728,357,1764,3,409,6,3,1908,617,235,474,6295,"Augusta-Margaret River (S)"
7,"South Australia","41830",null,49,34,340,64,111,null,118,151,2,null,2575,36,4056,3,null,5,3,306,93,161,null,null,"Flinders Ranges (DC)"
2,"New South Wales","14200",251,46,27,345,null,128,18,135,null,1,4009,2891,43,1712,3,125,13,3,318,124,194,63,6774,"Inverell (A)"
13,"New South Wales","17310",1138,44,339,1524,49,126,107,150,150,15,3797,2771,178,841,3,633,27,2,1185,492,189,300,5913,"Tamworth Regional (A)"
790,"Queensland","32080",2866,187,4655,9333,217,227,184,266,229,873,1246,871,1244,905,5,993,6,4,4677,1083,243,2301,5393,"Cairns (R)"
3,"New South Wales","16610",348,42,39,613,null,95,16,99,null,2,4690,2567,57,2026,4,199,12,4,574,146,101,74,12561,"Richmond Valley (A)"
30,"Northern Territory","74660",249,252,91,652,308,149,10,132,181,23,2320,1823,74,1290,4,84,3,4,561,135,151,107,8258,"West Arnhem (R)"
45,"Victoria","21830",477,126,89,407,151,117,20,115,185,11,7028,4276,37,4014,2,276,2,2,319,157,205,68,13691,"Corangamite (S)"
2,"Victoria","20260",259,41,67,323,null,108,14,126,null,3,5336,3292,32,669,3,151,37,2,256,106,169,49,11098,"Ararat (RC)"
2,"New South Wales","18020",263,47,26,321,null,117,10,123,null,1,5576,3997,36,1695,2,115,13,2,296,145,158,47,12061,"Warrumbungle Shire (A)"
5,"Victoria","26700",714,48,91,851,72,98,47,104,167,4,5477,3307,79,1241,3,447,17,3,760,261,179,130,9529,"Wangaratta (RC)"
101,"Queensland","32810",688,151,623,2352,166,233,25,263,249,94,1199,713,455,1075,6,262,6,5,1729,324,278,574,10681,"Douglas (S)"
14,"Western Australia","52730",326,85,48,567,127,149,17,155,194,4,3209,1822,81,3410,4,166,3,4,519,147,199,102,9719,"Denmark (S)"
4,"New South Wales","15300",null,42,115,539,46,121,null,143,133,5,null,2658,61,742,3,null,32,3,424,161,152,null,null,"Moree Plains (A)"
45,"Queensland","34770",1152,48,418,2249,69,138,79,158,155,20,2960,1846,290,2271,4,571,9,3,1832,535,174,389,7214,"Mackay (R)"
4,"Victoria","24900",659,26,136,1124,null,102,41,113,null,4,4232,2733,112,1097,4,350,35,3,988,305,156,156,8626,"Moira (S)"
5,"South Australia","41010",null,47,15,180,56,155,null,165,174,1,null,2428,27,7465,3,null,3,2,165,66,187,null,null,"Ceduna (DC)"
31,"New South Wales","16950",2785,91,200,4346,134,130,149,132,184,18,3905,2397,546,1683,3,1446,7,3,4146,1309,185,713,9710,"Shoalhaven (C)"
3,"Queensland","33610",332,34,78,508,null,104,33,117,null,3,3845,3667,50,1002,3,145,29,2,430,184,162,86,4336,"Goondiwindi (R)"
11,"Victoria","21450",787,39,328,590,null,59,40,85,null,13,10461,5232,22,829,5,661,31,2,262,116,null,75,16349,"Cardinia (S)"
14,"New South Wales","10250",816,71,132,1186,135,197,41,213,158,9,2973,1505,224,1521,3,465,9,3,1054,337,160,275,11319,"Ballina (A)"
4,"New South Wales","17620",259,70,99,387,null,87,12,94,null,7,5642,4438,27,522,3,136,27,2,288,120,130,46,11299,"Upper Hunter Shire (A)"
12,"South Australia","40310",901,70,172,611,80,191,77,238,209,12,4662,1735,104,991,3,708,14,2,438,181,257,193,9228,"Barossa (DC)"
3,"New South Wales","15750",245,50,42,429,null,101,9,107,null,2,4664,3403,41,1241,3,102,16,3,388,141,113,53,11143,"Narrabri (A)"
7,"Victoria","22910",1069,55,61,897,68,204,65,215,263,3,4300,2030,180,2168,2,696,8,2,836,366,270,249,10683,"Hepburn (S)"
5,"South Australia","44550",727,62,57,353,75,129,54,142,180,4,7341,2437,42,1434,3,620,11,3,295,102,194,99,11575,"Mount Barker (DC)"
9,"Tasmania","61210",194,54,54,232,63,127,9,148,162,3,5019,2949,26,2959,3,107,6,2,178,78,186,39,11556,"Circular Head (M)"
81,"New South Wales","11800",1613,53,676,3183,61,142,112,166,161,36,2865,1925,415,2264,4,733,8,3,2507,799,187,563,6535,"Coffs Harbour (C)"
14,"Northern Territory","73600",null,66,63,413,73,80,null,83,91,4,null,3185,29,3321,4,null,5,4,350,93,95,null,null,"Roper Gulf (R)"
10,"Tasmania","63610",319,69,108,452,100,114,21,129,160,7,4379,2452,44,1309,4,200,11,3,344,108,178,73,9539,"Kingborough (M)"
3,"Queensland","36580",589,45,75,539,null,67,26,71,null,3,9438,4809,33,820,3,429,27,3,463,157,88,62,16309,"Somerset (R)"
4,"South Australia","45040",597,38,101,344,53,94,44,118,121,4,7854,3731,29,1170,3,486,23,2,243,107,162,76,11141,"Murray Bridge (RC)"
2,"Tasmania","65410",141,101,8,142,null,214,7,221,null,1,3745,1731,30,3122,3,87,3,3,134,51,166,38,12250,"Waratah/Wynyard (M)"
135,"Queensland","33220",1522,65,613,3327,83,114,88,125,136,40,3259,1940,339,3371,4,731,5,4,2714,657,152,467,8273,"Fraser Coast (R)"
23,"Queensland","33960",1383,58,499,1604,85,94,83,110,157,29,5916,2671,122,777,5,1036,22,3,1105,325,189,234,12465,"Ipswich (C)"
15,"Western Australia","54310",390,37,377,1754,64,128,31,153,147,14,1527,934,210,1055,8,179,26,7,1378,196,179,255,5761,"Karratha (C)"
10,"Western Australia","52800",null,64,104,615,68,72,null,74,101,7,null,2468,38,1494,6,null,11,6,512,93,110,null,null,"Derby-West Kimberley (S)"
3,"South Australia","47800",173,71,22,181,117,94,5,97,126,2,7746,4051,15,2167,3,107,6,3,159,62,127,22,19988,"The Coorong (DC)"
37,"New South Wales","16400",1454,79,141,2304,105,201,70,209,207,11,2727,1471,452,3340,3,751,4,3,2163,666,212,533,10797,"Port Stephens (A)"
7,"Western Australia","53080",null,45,20,245,66,89,null,93,103,1,null,3473,21,7404,3,null,3,3,224,73,107,null,null,"Dundas (S)"
2,"New South Wales","12350",268,34,23,335,null,112,13,118,null,1,5278,3381,37,2867,3,142,10,3,312,125,148,51,10701,"Cowra (A)"
34,"Victoria","26730",961,66,281,1300,66,118,78,132,142,18,4165,2698,135,1825,3,564,8,3,1019,364,169,231,7272,"Warrnambool (C)"
3,"Queensland","36630",687,49,33,612,null,103,52,106,null,2,5999,3462,61,1769,3,472,12,3,579,212,157,114,9129,"South Burnett (R)"
10,"Tasmania","60610",362,65,70,367,85,107,36,116,142,5,4796,2566,35,2273,4,263,7,3,297,89,162,76,7237,"Burnie (C)"
4,"New South Wales","18710",476,36,50,397,null,104,28,114,null,2,6843,3685,40,2052,3,326,13,2,347,146,174,70,11612,"Yass Valley (A)"
3,"Tasmania","64210",275,43,62,201,42,117,19,150,127,3,6519,2886,21,1299,3,212,18,2,139,60,206,42,11264,"Meander Valley (M)"
null,"New South Wales","12730",null,null,null,null,null,null,9,122,null,null,null,3152,28,null,null,102,null,3,227,87,147,null,11025,"Edward River (A)"
15,"Northern Territory","70420",null,93,70,317,122,265,null,314,260,7,null,1593,77,2300,2,null,5,2,246,123,301,null,null,"Barkly (R)"
22,"South Australia","41330",null,72,46,346,75,102,null,106,121,3,null,3167,32,6719,3,null,2,3,299,101,134,null,null,"Coober Pedy (DC)"
16,"New South Wales","10050",1170,63,177,1249,86,172,128,190,172,11,293,455,204,706,3,705,11,2,1072,449,185,343,181,"Albury (C)"
2,"New South Wales","13850",null,41,23,235,null,108,null,115,null,1,null,4260,24,1989,2,null,12,2,211,104,141,null,null,"Hay (A)"
3,"Western Australia","53990",277,58,81,306,null,81,15,89,null,5,6935,4119,20,588,4,192,29,3,224,82,null,40,12584,"Harvey (S)"
9,"Western Australia","53570",662,60,88,486,73,105,36,116,115,5,7623,3716,46,1726,3,482,10,2,398,171,124,87,13542,"Gingin (S)"
12,"Victoria","22830",1110,42,367,1150,57,85,106,106,119,15,5445,3942,83,796,3,771,30,2,783,326,159,204,7299,"Greater Shepparton (C)"
17,"Tasmania","60210",314,106,46,517,141,105,13,105,170,5,4653,3458,49,3463,3,127,3,3,471,171,173,68,9523,"Break O'Day (M)"
4,"New South Wales","15270",655,37,56,948,40,146,32,152,224,2,3846,2788,136,2119,2,271,13,2,892,379,231,170,8418,"Mid-Western Regional (A)"
7,"New South Wales","13310",776,62,128,588,68,138,53,159,162,8,5778,3406,73,867,2,520,19,2,460,249,197,134,9789,"Goulburn Mulwaree (A)"
25,"Western Australia","55110",2232,73,347,1700,132,102,144,109,167,26,7031,2825,148,970,4,1790,14,3,1352,417,173,317,12409,"Mandurah (C)"
40,"Queensland","34590",1372,55,795,1714,71,85,106,110,135,44,5467,2846,101,912,5,1043,20,3,919,289,217,251,9872,"Logan (C)"
12,"New South Wales","14850",701,44,144,672,69,114,58,133,141,6,5214,2723,70,1883,3,498,12,3,528,191,164,134,8577,"Lismore (C)"
9,"Queensland","32270",678,39,208,1685,52,95,58,103,127,8,3092,2247,153,1144,5,326,22,4,1478,343,138,219,5573,"Central Highlands (R) (Qld)"
7,"Tasmania","61010",168,150,13,156,176,120,6,118,244,2,6714,3952,17,3727,2,95,2,2,143,66,258,25,14872,"Central Highlands (M) (Tas.)"
3,"Tasmania","60810",206,46,34,303,null,117,13,126,null,2,4282,1898,34,1909,4,139,11,4,269,64,207,48,11026,"Central Coast (M) (Tas.)"
22,"South Australia","44620",538,67,121,696,109,121,61,132,162,8,3716,3034,76,2744,3,286,5,2,575,230,171,145,4697,"Mount Gambier (C)"
12,"New South Wales","17750",1373,67,235,1525,95,146,154,161,198,16,3636,2432,208,757,3,856,20,3,1290,505,216,378,5550,"Wagga Wagga (C)"
53,"Queensland","33360",941,44,553,2321,69,117,43,141,150,24,2984,1856,249,2193,5,426,10,4,1769,461,179,315,10000,"Gladstone (R)"
18,"Queensland","36820",609,90,170,761,98,97,34,99,144,15,5623,2692,59,1162,4,433,10,4,590,158,175,108,12598,"Tablelands (R)"
11,"New South Wales","12390",1257,51,228,1626,66,160,112,178,193,12,3378,2529,249,937,3,617,21,2,1398,629,208,372,5520,"Dubbo Regional (A)"
7,"Queensland","34860",353,30,114,957,51,107,12,117,161,3,3095,2527,99,1975,4,97,17,3,842,250,181,114,8146,"Maranoa (R)"
17,"Queensland","36510",1525,56,164,971,86,110,87,121,165,9,7849,3329,98,1814,3,1182,10,2,808,326,179,194,13577,"Scenic Rim (R)"
8,"Queensland","37310",780,37,165,1413,51,77,48,83,125,6,4977,3321,103,1387,4,430,20,4,1248,342,137,157,9008,"Western Downs (R)"
7,"Queensland","32500",null,79,79,492,104,127,null,137,151,6,null,1820,56,1051,5,null,12,4,413,103,161,null,null,"Cook (S)"
123,"Queensland","37010",2133,63,1268,4555,77,178,151,222,170,80,2221,1289,729,1543,4,1070,10,3,3288,940,205,961,7063,"Townsville (C)"
22,"Western Australia","51190",1560,52,279,1311,65,105,146,119,163,14,5506,3298,123,1531,3,1132,13,3,1032,406,200,283,7764,"Bunbury (C)"
23,"Western Australia","50250",null,30,332,2906,46,51,null,54,71,10,null,2148,139,2390,9,null,14,9,2574,298,77,null,null,"Ashburton (S)"
11,"Queensland","34880",333,51,293,604,55,82,23,111,84,15,4591,2833,35,765,6,224,26,3,311,98,138,73,9714,"Mareeba (S)"
23,"Tasmania","65210",298,150,75,381,160,144,10,142,198,11,4616,2936,43,1995,3,148,3,2,306,127,214,65,14981,"Tasman (M)"
34,"Western Australia","50980",null,64,357,1769,78,195,null,228,199,23,null,736,321,1464,7,null,11,6,1412,236,231,null,null,"Broome (S)"
26,"New South Wales","15240",2104,44,255,3834,64,124,108,129,164,11,3617,2211,463,2305,4,1054,10,3,3579,1023,171,582,9800,"Mid-Coast (A)"
67,"New South Wales","16380",1510,55,334,2911,58,150,78,163,194,18,2933,1884,419,3673,3,654,5,3,2577,789,212,515,8414,"Port Macquarie-Hastings (A)"
32,"Western Australia","57770",null,114,110,442,143,165,null,182,154,13,null,1483,60,2545,4,null,3,4,332,90,157,null,null,"Shark Bay (S)"
2,"New South Wales","12160",null,40,27,304,null,130,null,139,null,1,null,3625,38,2077,2,null,12,2,276,139,146,null,null,"Cootamundra-Gundagai Regional (A)"
11,"South Australia","46860",null,108,15,359,120,120,null,121,137,2,null,2539,42,7069,3,null,1,3,344,106,138,null,null,"Robe (DC)"
28,"Western Australia","51540",null,89,169,979,100,144,null,156,157,15,null,1191,126,1854,5,null,6,5,809,150,168,null,null,"Carnarvon (S)"
39,"Queensland","31820",1195,43,889,2542,45,104,102,137,106,38,3257,2279,227,1041,5,638,23,3,1654,517,164,367,6249,"Bundaberg (R)"
3,"South Australia","48540",147,34,47,358,null,134,20,150,null,2,2172,1877,46,1668,4,58,18,4,311,87,184,68,2902,"Whyalla (C)"
13,"South Australia","46090",395,58,45,461,65,121,32,128,125,3,4495,3092,53,4956,3,218,3,3,415,164,132,88,6765,"Port Augusta (C)"
22,"Western Australia","53290",310,51,143,878,69,145,8,163,174,7,2303,1617,120,3007,4,95,7,4,734,194,189,135,12308,"Esperance (S)"
null,"New South Wales","15520",null,null,null,null,null,null,12,120,null,null,null,2785,63,null,null,103,null,3,521,174,158,null,8919,"Murray River (A)"
4,"New South Wales","17080",419,54,104,633,53,109,17,120,122,6,4845,2718,63,749,4,242,25,3,529,172,142,86,13931,"Snowy Valleys (A)"
3,"New South Wales","13910",406,29,116,480,null,97,30,119,null,3,5271,3691,43,1028,3,243,33,2,363,159,201,77,7990,"Hilltops (A)"
17,"New South Wales","17040",1080,56,220,2627,60,204,34,218,262,12,1890,1335,525,1357,4,363,13,3,2407,701,282,572,10559,"Snowy Monaro Regional (A)"
4,"New South Wales","16490",521,42,55,667,null,109,24,115,null,2,5371,3171,70,1794,3,294,13,3,612,223,160,97,12039,"Queanbeyan-Palerang Regional (A)"
null,"New South Wales","12870",null,null,null,null,null,null,7,114,null,null,null,2774,43,null,null,105,null,3,380,121,154,null,14204,"Federation (A)"
51,"New South Wales","11650",4725,62,797,4384,110,128,276,142,210,49,5658,2549,510,1037,3,3374,16,3,3587,1300,224,835,12224,"Central Coast (C) (NSW)"
10,"New South Wales","10130",623,75,309,1050,78,128,49,150,128,23,3408,2678,111,436,3,316,31,2,740,297,156,183,6472,"Armidale Regional (A)"
33,"Western Australia","53800",547,83,224,1177,129,143,40,157,162,19,2617,2064,150,1776,3,205,7,3,952,309,169,209,5054,"Greater Geraldton (C)"
6,"Northern Territory","74550",131,59,26,305,61,141,3,148,170,2,2818,2019,41,3896,3,41,4,3,279,84,193,46,12045,"Victoria Daly (R)"
32,"Western Australia","56790",null,130,81,635,157,124,null,123,155,10,null,2066,68,3030,4,null,3,4,554,141,155,null,null,"Northampton (S)"
3,"Victoria","27170",324,35,45,453,null,122,18,132,null,2,4439,3246,54,2206,3,146,13,2,408,175,172,73,8296,"Wodonga (C)"
